Examen,Examen,Examen,Estudios del examen,Estudios del examen,
Codigo,Abreviatura,Descripcion,Codigo,Descripcion,
45,CH,CITOMETRIA HEMATICA COMPLETA,leuct,LEUCOCITOS TOTALES,
45,CH,CITOMETRIA HEMATICA COMPLETA,RBC,GLOBULOS ROJOS,
45,CH,CITOMETRIA HEMATICA COMPLETA,HGB,HEMOGLOBINA,
45,CH,CITOMETRIA HEMATICA COMPLETA,HCT,HEMATOCRITO,
45,CH,CITOMETRIA HEMATICA COMPLETA,VCM,Volumen globular medio,
45,CH,CITOMETRIA HEMATICA COMPLETA,HCM,HCM,
45,CH,CITOMETRIA HEMATICA COMPLETA,MCHC,CMHC,
45,CH,CITOMETRIA HEMATICA COMPLETA,PLT,PLAQUETAS,
45,CH,CITOMETRIA HEMATICA COMPLETA,VPM,VOLUMEN PLAQUETARIO MEDIO,
45,CH,CITOMETRIA HEMATICA COMPLETA,LYM,LINFOCITOS,
45,CH,CITOMETRIA HEMATICA COMPLETA,MON%,MONOCITOS,
45,CH,CITOMETRIA HEMATICA COMPLETA,NEU,NEUTROFILOS,
45,CH,CITOMETRIA HEMATICA COMPLETA,BAS%,BASOFILOS,
45,CH,CITOMETRIA HEMATICA COMPLETA,RDW,RDW,
45,CH,CITOMETRIA HEMATICA COMPLETA,MON#,MONOCITOS,
45,CH,CITOMETRIA HEMATICA COMPLETA,NEU,NEUTROFILOS,
45,CH,CITOMETRIA HEMATICA COMPLETA,EO#,EOSINOFILOS,
45,CH,CITOMETRIA HEMATICA COMPLETA,BAS#,BASOFILOS,
45,CH,CITOMETRIA HEMATICA COMPLETA,EO%,EOSINOFILOS,
45,CH,CITOMETRIA HEMATICA COMPLETA,ban,BANDAS,
45,CH,CITOMETRIA HEMATICA COMPLETA,meta,Metamielocitos,
45,CH,CITOMETRIA HEMATICA COMPLETA,miel,Mielocitos,
45,CH,CITOMETRIA HEMATICA COMPLETA,PROM,PROMIELOCITOS,
45,CH,CITOMETRIA HEMATICA COMPLETA,BLAS,BLASTOS,
45,CH,CITOMETRIA HEMATICA COMPLETA,LINF,LINFOCITOS,
45,CH,CITOMETRIA HEMATICA COMPLETA,RET,RETICULOCITOS,
45,CH,CITOMETRIA HEMATICA COMPLETA,shs,INDUCCIÓN DE DREPANOCITOS,
45,CH,CITOMETRIA HEMATICA COMPLETA,BA,BANDAS,
45,CH,CITOMETRIA HEMATICA COMPLETA,ABSRETIS,RETICULOCITOS ABSOLUTOS,
45,CH,CITOMETRIA HEMATICA COMPLETA,prli,PRECURSORES LINFOIDES,
ATD3,ATD3,ANTIDOPING 3 DROGAS,CANA,CANABINOIDES,
ATD3,ATD3,ANTIDOPING 3 DROGAS,174,ANFETAMINAS,
ATD3,ATD3,ANTIDOPING 3 DROGAS,COCA,COCAINA,
ATD5,ATD5,ANTIDOPING (5 DROGAS),COCA,COCAINA,
ATD5,ATD5,ANTIDOPING (5 DROGAS),174,ANFETAMINAS,
ATD5,ATD5,ANTIDOPING (5 DROGAS),BENZ,BENZODIACEPINAS,
ATD5,ATD5,ANTIDOPING (5 DROGAS),CANA,CANABINOIDES,
ATD5,ATD5,ANTIDOPING (5 DROGAS),MET,METANFETAMINAS,
BILIS,BILIS,BILIRRUBINAS,BD,BILIRRUBINA DIRECTA,
BILIS,BILIS,BILIRRUBINAS,BT,BILIRRUBINA TOTAL,
BILIS,BILIS,BILIRRUBINAS,BI,BILIRRUBINA INDIRECTA,
69,ELE,"Electrolitos séricos 3 (Na, K, Cl",25,CLORO SÉRICO,
69,ELE,"Electrolitos séricos 3 (Na, K, Cl",219,POTASIO,
69,ELE,"Electrolitos séricos 3 (Na, K, Cl",NA,SODIO,
PERFCAR,PERFCAD,PERFIL CARDIACO,48,Creatinfosfoquinasa (CPK),
PERFCAR,PERFCAD,PERFIL CARDIACO,CPK-MB,CPK-MB,
PERFCAR,PERFCAD,PERFIL CARDIACO,63,Deshidrogenasa láctica (DHL),
PERFCAR,PERFCAD,PERFIL CARDIACO,TGO,TGO,
PERFCAR,PERFCAD,PERFIL CARDIACO,TGP,TGP,
PERLIP,PERLIP,PERFIL DE LIPIDOS,32,Colesterol de baja densidad (LDL),
PERLIP,PERLIP,PERFIL DE LIPIDOS,COLVLDL,COLESTEROL VLDL,
PERLIP,PERLIP,PERFIL DE LIPIDOS,TRI,TRIGLICERIDOS,
PERLIP,PERLIP,PERFIL DE LIPIDOS,31,Colesterol de alta densidad (HDL),
PERLIP,PERLIP,PERFIL DE LIPIDOS,34,COLESTEROL,
PERLIP,PERLIP,PERFIL DE LIPIDOS,162,LIPIDOS TOTALES,
PERLIP,PERLIP,PERFIL DE LIPIDOS,PDLIPIDOS,INDICE ATEROGENICO,
PERFHEP,PERFHEP,PERFIL HEPATICO,GLOB,GLOBULINA,
PERFHEP,PERFHEP,PERFIL HEPATICO,RAG,RELACION ALBUMINA GLOBULINA,
PERFHEP,PERFHEP,PERFIL HEPATICO,101,Gammaglutamil transpeptidasa (GGT),
PERFHEP,PERFHEP,PERFIL HEPATICO,63,Deshidrogenasa láctica (DHL),
PERFHEP,PERFHEP,PERFIL HEPATICO,95,Fosfatasa alcalina (ALP),
PERFHEP,PERFHEP,PERFIL HEPATICO,TGP,TGP,
PERFHEP,PERFHEP,PERFIL HEPATICO,TGO,TGO,
PERFHEP,PERFHEP,PERFIL HEPATICO,PROT-S,PROTEINAS TOTALES,
PERFHEP,PERFHEP,PERFIL HEPATICO,BT,BILIRRUBINA TOTAL,
PERFHEP,PERFHEP,PERFIL HEPATICO,BI,BILIRRUBINA INDIRECTA,
PERFHEP,PERFHEP,PERFIL HEPATICO,BD,BILIRRUBINA DIRECTA,
PERFHEP,PERFHEP,PERFIL HEPATICO,24,ALBUMINA,
QS3,"QS3(GLU,UR,CR)",QUIMICA SANGUINEA 3,GLU,GLUCOSA,
QS3,"QS3(GLU,UR,CR)",QUIMICA SANGUINEA 3,URE,UREA,
QS3,"QS3(GLU,UR,CR)",QUIMICA SANGUINEA 3,50,Creatinina sérica,
QS3,"QS3(GLU,UR,CR)",QUIMICA SANGUINEA 3,171,BUN,
QSCOR,"QS (GLU,COL,TRIG)",QUIMICA SANGUINEA CORONARIA,34,COLESTEROL,
QSCOR,"QS (GLU,COL,TRIG)",QUIMICA SANGUINEA CORONARIA,TRI,TRIGLICERIDOS,
QSCOR,"QS (GLU,COL,TRIG)",QUIMICA SANGUINEA CORONARIA,GLU,GLUCOSA,
QSC,"QSC6(GLU,UR,CRET,COL,TRIG,AU)",QUIMICA SANGUINEA 6,GLU,GLUCOSA,
QSC,"QSC6(GLU,UR,CRET,COL,TRIG,AU)",QUIMICA SANGUINEA 6,TRI,TRIGLICERIDOS,
QSC,"QSC6(GLU,UR,CRET,COL,TRIG,AU)",QUIMICA SANGUINEA 6,URE,UREA,
QSC,"QSC6(GLU,UR,CRET,COL,TRIG,AU)",QUIMICA SANGUINEA 6,50,Creatinina sérica,
QSC,"QSC6(GLU,UR,CRET,COL,TRIG,AU)",QUIMICA SANGUINEA 6,34,COLESTEROL,
QSC,"QSC6(GLU,UR,CRET,COL,TRIG,AU)",QUIMICA SANGUINEA 6,AURIC,ACIDO URICO,
QSC,"QSC6(GLU,UR,CRET,COL,TRIG,AU)",QUIMICA SANGUINEA 6,171,BUN,
83,EGO,Examen general de orina,COLOR,COLOR,
83,EGO,Examen general de orina,ASPECTO,ASPECTO,
83,EGO,Examen general de orina,DENSIDAD,DENSIDAD,
83,EGO,Examen general de orina,PHUR,PH.,
83,EGO,Examen general de orina,GLUCOSA,GLUCOSA,
83,EGO,Examen general de orina,PROTEINAS,PROTEINAS,
83,EGO,Examen general de orina,CUERPOS CETONICOS,CUERPOS CETONICOS,
83,EGO,Examen general de orina,BILIRRUBINA,BILIRRUBINA,
83,EGO,Examen general de orina,UROBILINOGENO,UROBILINOGENO,
83,EGO,Examen general de orina,NITRITOS,NITRITOS,
83,EGO,Examen general de orina,LEUCOCITOS ESTERASA,LEUCOCITOS ESTERASA,
83,EGO,Examen general de orina,HEMOGLOBINA,HEMOGLOBINA,
83,EGO,Examen general de orina,CELULAS EPITELIALES ESCAMOSAS,CELULAS EPITELIALES ESCAMOSAS,
83,EGO,Examen general de orina,CELULAS URETRALES,CELULAS URETRALES,
83,EGO,Examen general de orina,CELULAS UROTELIALES,CELULAS UROTELIALES,
83,EGO,Examen general de orina,CELULAS RENALES,CELULAS RENALES,
83,EGO,Examen general de orina,PIOCITOS,PIOCITOS,
83,EGO,Examen general de orina,BACTERIAS,BACTERIAS,
83,EGO,Examen general de orina,FILAMENTOS DE MUCINA,FILAMENTO DE MUCINA,
83,EGO,Examen general de orina,ERITROCITOS,ERITROCITOS,
83,EGO,Examen general de orina,LEVADURAS,LEVADURAS,
83,EGO,Examen general de orina,CILINDROS DE,CILINDROS,
83,EGO,Examen general de orina,CRISTALES DE,CRISTALES,
83,EGO,Examen general de orina,OTROS,OTROS,
83,EGO,Examen general de orina,LEUUR,LEUCOCITOS,
DENGUE,DENGUE,DENGUE IgG e IgM NS1,NS1,NS1,
DENGUE,DENGUE,DENGUE IgG e IgM NS1,DENGUE IgG,DENGUE IgG,
DENGUE,DENGUE,DENGUE IgG e IgM NS1,DENGIgM,DENGUE IgM,
PERFREU,PERFREU,PERFIL REUMATICO,VSG,SEDIMENTACION GLOBULAR,
PERFREU,PERFREU,PERFIL REUMATICO,AURIC,ACIDO URICO,
PERFREU,PERFREU,PERFIL REUMATICO,ASO,ANTI-ESTREPTOLISINA O,
PERFREU,PERFREU,PERFIL REUMATICO,85,Factor reumatoide,
PERFREU,PERFREU,PERFIL REUMATICO,PCR,PROTEINA C REACTIVA,
RF,RF,REACCIONES FEBRILES,TIFICO O,TIFICO O,
RF,RF,REACCIONES FEBRILES,TIFICO H,TIFICO H,
RF,RF,REACCIONES FEBRILES,PARATIFICO B,PARATIFICO B,
RF,RF,REACCIONES FEBRILES,PARATIFICO A,PARATIFICO A,
RF,RF,REACCIONES FEBRILES,BRUCELLA ABORTUS,BRUCELLA ABORTUS,
RF,RF,REACCIONES FEBRILES,PROTEUS,PROTEUS,
PRENUPCIAL INDIVIDUAL 2,PRENU2,PRENUPCIAL,VDRL,VDRL,
PRENUPCIAL INDIVIDUAL 2,PRENU2,PRENUPCIAL,grupo,GRUPO SANGUÍNEO,
PRENUPCIAL INDIVIDUAL 2,PRENU2,PRENUPCIAL,VIH,HIV 1 Y 2,
PRENUPCIAL INDIVIDUAL 2,PRENU2,PRENUPCIAL,P24,Antigeno P 24,
PRENUPCIAL 1 INDIVIDUAL,PREN,PRENUPCIAL,grupo,GRUPO SANGUÍNEO,
PRENUPCIAL 1 INDIVIDUAL,PREN,PRENUPCIAL,VDRL,VDRL,
QS12,QS12,QUIMICA SANGUINEA 12 ELEMENTOS,GLU,GLUCOSA,
QS12,QS12,QUIMICA SANGUINEA 12 ELEMENTOS,BT,BILIRRUBINA TOTAL,
QS12,QS12,QUIMICA SANGUINEA 12 ELEMENTOS,50,Creatinina sérica,
QS12,QS12,QUIMICA SANGUINEA 12 ELEMENTOS,63,Deshidrogenasa láctica (DHL),
QS12,QS12,QUIMICA SANGUINEA 12 ELEMENTOS,95,Fosfatasa alcalina (ALP),
QS12,QS12,QUIMICA SANGUINEA 12 ELEMENTOS,31,Colesterol de alta densidad (HDL),
QS12,QS12,QUIMICA SANGUINEA 12 ELEMENTOS,TRI,TRIGLICERIDOS,
QS12,QS12,QUIMICA SANGUINEA 12 ELEMENTOS,TGO,TGO,
QS12,QS12,QUIMICA SANGUINEA 12 ELEMENTOS,TGP,TGP,
QS12,QS12,QUIMICA SANGUINEA 12 ELEMENTOS,32,Colesterol de baja densidad (LDL),
QS12,QS12,QUIMICA SANGUINEA 12 ELEMENTOS,34,COLESTEROL,
QS12,QS12,QUIMICA SANGUINEA 12 ELEMENTOS,URE,UREA,
QS12,QS12,QUIMICA SANGUINEA 12 ELEMENTOS,AURIC,ACIDO URICO,
QS12,QS12,QUIMICA SANGUINEA 12 ELEMENTOS,171,BUN,
17,CITO,CITOQUIMICO EN LIQUIDO ORGANICOS,LINF,LINFOCITOS,
17,CITO,CITOQUIMICO EN LIQUIDO ORGANICOS,MONO,MONOCITOS,
17,CITO,CITOQUIMICO EN LIQUIDO ORGANICOS,EO,EOSINOFILOS,
17,CITO,CITOQUIMICO EN LIQUIDO ORGANICOS,OC,OTRAS CELULAS,
17,CITO,CITOQUIMICO EN LIQUIDO ORGANICOS,8,Isoenzimas de deshidrogenasa láctica (LDH),
17,CITO,CITOQUIMICO EN LIQUIDO ORGANICOS,PROT,PROTEINAS,
17,CITO,CITOQUIMICO EN LIQUIDO ORGANICOS,TIN,TINTA CHINA,
17,CITO,CITOQUIMICO EN LIQUIDO ORGANICOS,COLOR,COLOR,
17,CITO,CITOQUIMICO EN LIQUIDO ORGANICOS,ASP,ASPECTO,
17,CITO,CITOQUIMICO EN LIQUIDO ORGANICOS,DESP,DESPUÉS DE CENTRIFUGADO,
17,CITO,CITOQUIMICO EN LIQUIDO ORGANICOS,XANT,XANTOCROMIA,
17,CITO,CITOQUIMICO EN LIQUIDO ORGANICOS,LEU,LEUCOCITOS,
17,CITO,CITOQUIMICO EN LIQUIDO ORGANICOS,ERI,ERITROCITOS,
17,CITO,CITOQUIMICO EN LIQUIDO ORGANICOS,GLU,GLUCOSA,
17,CITO,CITOQUIMICO EN LIQUIDO ORGANICOS,RECDIF,RECUENTO DIFERENCIAL,
17,CITO,CITOQUIMICO EN LIQUIDO ORGANICOS,BAAR3,BAAR3,
COPROL,COPROL,COPROLOGICO,CONC,CONSISTENCIA,
COPROL,COPROL,COPROLOGICO,COLC,COLOR,
COPROL,COPROL,COPROLOGICO,OLOC,OLOR,
COPROL,COPROL,COPROLOGICO,PRESC,PRESENCIA DE SANGRE,
COPROL,COPROL,COPROLOGICO,MOCO,MOCO,
COPROL,COPROL,COPROLOGICO,RESTA,RESTOS ALIMENTICIOS,
COPROL,COPROL,COPROLOGICO,PARA,PARASITOS,
COPROL,COPROL,COPROLOGICO,PHC,PH.,
COPROL,COPROL,COPROLOGICO,AZURE,AZUCARES REDUCTORES,
COPROL,COPROL,COPROLOGICO,SOH,S.O.H,
COPROL,COPROL,COPROLOGICO,LEUC,LEUCOCITOS,
COPROL,COPROL,COPROLOGICO,ERIC,ERITROCITOS,
COPROL,COPROL,COPROLOGICO,CEEPI,CELULAS EPITELIALES,
COPROL,COPROL,COPROLOGICO,CRISC,CRISTALES,
COPROL,COPROL,COPROLOGICO,GRAN,GRASAS NEUTRAS,
COPROL,COPROL,COPROLOGICO,RESALV,RESTOS ALIMENTICIOS VEGETALES,
COPROL,COPROL,COPROLOGICO,LEVC,LEVADURAS,
COPROL,COPROL,COPROLOGICO,FILC,FILAMENTO DE MUCINA,
COPROL,COPROL,COPROLOGICO,BACTE,BACTERIA,
COPROL,COPROL,COPROLOGICO,ALMIDON,ALMIDON,
COPROL,COPROL,COPROLOGICO,OTROS,OTROS,
COPROL,COPROL,COPROLOGICO,EXAMEN MACROSCOPICO,EXAMEN MACROSCOPICO,
2471,PGINE6,PERFIL GINECOLÓGICO,256-OR,TESTOSTERONA TOTAL,
2471,PGINE6,PERFIL GINECOLÓGICO,141-OR,HORMONA LUTEINIZANTE (HL),
2471,PGINE6,PERFIL GINECOLÓGICO,139-OR,HORMONA FOLICULO ESTIMULANTE (FSH),
2471,PGINE6,PERFIL GINECOLÓGICO,PROGE,PROGESTERONA,
2471,PGINE6,PERFIL GINECOLÓGICO,225,PROLACTINA,
2471,PGINE6,PERFIL GINECOLÓGICO,77,Estradiol (E2),
2471,PGINE6,PERFIL GINECOLÓGICO,ET,ESTROGENOS TOTALES,
QS32,QS32,QUIMICA SANGUINEA 32 ELEMENTOS,171,BUN,
QS32,QS32,QUIMICA SANGUINEA 32 ELEMENTOS,AURIC,ACIDO URICO,
QS32,QS32,QUIMICA SANGUINEA 32 ELEMENTOS,NA,SODIO,
QS32,QS32,QUIMICA SANGUINEA 32 ELEMENTOS,133,HIERRO SERICO,
QS32,QS32,QUIMICA SANGUINEA 32 ELEMENTOS,219,POTASIO,
QS32,QS32,QUIMICA SANGUINEA 32 ELEMENTOS,34,COLESTEROL,
QS32,QS32,QUIMICA SANGUINEA 32 ELEMENTOS,162,LIPIDOS TOTALES,
QS32,QS32,QUIMICA SANGUINEA 32 ELEMENTOS,PDLIPIDOS,INDICE ATEROGENICO,
QS32,QS32,QUIMICA SANGUINEA 32 ELEMENTOS,RAG,RELACION ALBUMINA GLOBULINA,
QS32,QS32,QUIMICA SANGUINEA 32 ELEMENTOS,GLOB,GLOBULINA,
QS32,QS32,QUIMICA SANGUINEA 32 ELEMENTOS,24,ALBUMINA,
QS32,QS32,QUIMICA SANGUINEA 32 ELEMENTOS,ami,AMILASA,
QS32,QS32,QUIMICA SANGUINEA 32 ELEMENTOS,BD,BILIRRUBINA DIRECTA,
QS32,QS32,QUIMICA SANGUINEA 32 ELEMENTOS,BT,BILIRRUBINA TOTAL,
QS32,QS32,QUIMICA SANGUINEA 32 ELEMENTOS,BI,BILIRRUBINA INDIRECTA,
QS32,QS32,QUIMICA SANGUINEA 32 ELEMENTOS,GLU,GLUCOSA,
QS32,QS32,QUIMICA SANGUINEA 32 ELEMENTOS,32,Colesterol de baja densidad (LDL),
QS32,QS32,QUIMICA SANGUINEA 32 ELEMENTOS,97,Fósforo sérico,
QS32,QS32,QUIMICA SANGUINEA 32 ELEMENTOS,COLVLDL,COLESTEROL VLDL,
QS32,QS32,QUIMICA SANGUINEA 32 ELEMENTOS,TGO,TGO,
QS32,QS32,QUIMICA SANGUINEA 32 ELEMENTOS,PROT-S,PROTEINAS TOTALES,
QS32,QS32,QUIMICA SANGUINEA 32 ELEMENTOS,165,MAGNESIO SERICO,
QS32,QS32,QUIMICA SANGUINEA 32 ELEMENTOS,TGP,TGP,
QS32,QS32,QUIMICA SANGUINEA 32 ELEMENTOS,TRI,TRIGLICERIDOS,
QS32,QS32,QUIMICA SANGUINEA 32 ELEMENTOS,URE,UREA,
QS32,QS32,QUIMICA SANGUINEA 32 ELEMENTOS,31,Colesterol de alta densidad (HDL),
QS32,QS32,QUIMICA SANGUINEA 32 ELEMENTOS,50,Creatinina sérica,
QS32,QS32,QUIMICA SANGUINEA 32 ELEMENTOS,101,Gammaglutamil transpeptidasa (GGT),
QS32,QS32,QUIMICA SANGUINEA 32 ELEMENTOS,63,Deshidrogenasa láctica (DHL),
QS32,QS32,QUIMICA SANGUINEA 32 ELEMENTOS,95,Fosfatasa alcalina (ALP),
QS32,QS32,QUIMICA SANGUINEA 32 ELEMENTOS,CPK-MB,CPK-MB,
QS32,QS32,QUIMICA SANGUINEA 32 ELEMENTOS,48,Creatinfosfoquinasa (CPK),
QS32,QS32,QUIMICA SANGUINEA 32 ELEMENTOS,25,CLORO SÉRICO,
QS32,QS32,QUIMICA SANGUINEA 32 ELEMENTOS,CA S,CALCIO,
QS32,QS32,QUIMICA SANGUINEA 32 ELEMENTOS,PDCP1,INDICE DE CASTELLI I,
QS32,QS32,QUIMICA SANGUINEA 32 ELEMENTOS,PDCP2,ÍNDICE DE CASTELLI II,
QS32,QS32,QUIMICA SANGUINEA 32 ELEMENTOS,COEFAT,COEFICIENTE ATEROGÉNICO,
QS4,"QS4(GLU,URE,CRE,AU)",QUIMICA SANGUINEA 4,50,Creatinina sérica,
QS4,"QS4(GLU,URE,CRE,AU)",QUIMICA SANGUINEA 4,URE,UREA,
QS4,"QS4(GLU,URE,CRE,AU)",QUIMICA SANGUINEA 4,GLU,GLUCOSA,
QS4,"QS4(GLU,URE,CRE,AU)",QUIMICA SANGUINEA 4,AURIC,ACIDO URICO,
QS4,"QS4(GLU,URE,CRE,AU)",QUIMICA SANGUINEA 4,171,BUN,
PTIR  419,PTIR,PERFIL TIROIDEO,T4Y,T4 YODO,
PTIR  419,PTIR,PERFIL TIROIDEO,WE,YODO BUTANOLICO,
PTIR  419,PTIR,PERFIL TIROIDEO,TSH1,HORMONA ESTIMULANTE DE TIROIDES (TSH),
PTIR  419,PTIR,PERFIL TIROIDEO,T3T,T3 TOTAL (TRIYODOTIRONINA),
PTIR  419,PTIR,PERFIL TIROIDEO,T4T,T4 TOTAL (TIROXINA TOTAL),
PTIR  419,PTIR,PERFIL TIROIDEO,T3L,T3 LIBRE (TRIYODOTIRONINA LIBRE),
PTIR  419,PTIR,PERFIL TIROIDEO,YP,YODO PROTEÍCO,
PTIR  419,PTIR,PERFIL TIROIDEO,T4LI,T4 LIBRE (TIROXINA LIBRE),
PTIR  419,PTIR,PERFIL TIROIDEO,TUC,T-UPTAKE CAPTACION,
PTIR  419,PTIR,PERFIL TIROIDEO,ITL,"INDICE DE TIROXINA LIBRE (ITL,FTI)",
HELICO,HELICO,PERFIL HELICOBACTER PYLORI,1992,HELICOBACTER PYLORI EN HECES,
HELICO,HELICO,PERFIL HELICOBACTER PYLORI,350,AC. ANTI HELICOBACTER PYLORI IgG,
HELICO,HELICO,PERFIL HELICOBACTER PYLORI,1183,ANTI HELICOBACTER PILORY IgM,
155,PANHEP,PANEL DE HEPATITIS,HBsAg,Antigeno de superficie de Hepatitis B (HBsAg),
155,PANHEP,PANEL DE HEPATITIS,AHA,"ANTICUERPOS ANTI HEPATITIS ""A"" IgM (HAV-M)",
155,PANHEP,PANEL DE HEPATITIS,HCV,ANTI HEPATITIS C TOTAL,
155,PANHEP,PANEL DE HEPATITIS,52,"ANTICUERPOS ANTI HEPATITIS ""A"" IgG (HAV-G)",
155,PANHEP,PANEL DE HEPATITIS,55,Anticuerpo de superficie de HEPATITIS B (HBSAb),
155,PANHEP,PANEL DE HEPATITIS,56,Anticuerpo de envoltura de Hepatitis B (HBeAb),
155,PANHEP,PANEL DE HEPATITIS,58,Anticuerpo de nucleo de la hepatitis B (HBcAB),
155,PANHEP,PANEL DE HEPATITIS,HBeag,Antigeno de envoltura de Hepatitis B (HBeAg),
PERFTUM,PERFTUM,PERFIL TUMORAL FEMENINO,105-ORT,ALFAFETOPROTEINA,
PERFTUM,PERFTUM,PERFIL TUMORAL FEMENINO,611-ORT,ANTIGENO CARCINOEMBRIONARIO,
PERFTUM,PERFTUM,PERFIL TUMORAL FEMENINO,631,ANTIGENO CA-125,
PERFTUM,PERFTUM,PERFIL TUMORAL FEMENINO,632,ANTIGENO CA-15-3,
PERFTUM,PERFTUM,PERFIL TUMORAL FEMENINO,ANTIGENO CA-19-9,ANTIGENO CA-19-9,
GFH,ANA2,ANTICUERPOS ANTI NUCLEARES (ANA),498,ANTICUERPOS ANTI NUCLEARES (IgG),
GFH,ANA2,ANTICUERPOS ANTI NUCLEARES (ANA),895,PATRÓN DE INMUNOFLUORESCENCIA,
23131313131,WESTERNBLOT,WESTERN BLOT,564651,Anticuerpos anti GP 160 (ENV),
23131313131,WESTERNBLOT,WESTERN BLOT,654564,Anticuerpos anti GP 120 (ENV),
23131313131,WESTERNBLOT,WESTERN BLOT,6542324,Anticuerpos anti P 66,
23131313131,WESTERNBLOT,WESTERN BLOT,56456,Anticuerpos anti P 55 (GAG),
23131313131,WESTERNBLOT,WESTERN BLOT,65456412,Anticuerpos anti P 51,
23131313131,WESTERNBLOT,WESTERN BLOT,56422,Anticuerpos anti PGP 41 (ENV),
23131313131,WESTERNBLOT,WESTERN BLOT,897897,Anticuerpos anti P 39,
23131313131,WESTERNBLOT,WESTERN BLOT,3465464,Anticuerpos anti P 31,
23131313131,WESTERNBLOT,WESTERN BLOT,P24,Antigeno P 24,
23131313131,WESTERNBLOT,WESTERN BLOT,2313212,Anticuerpos anti P 17,
23131313131,WESTERNBLOT,WESTERN BLOT,4564654,Anticuerpos anti HIV 2,
CHEMET,CHEMET,CHEQUEO METABOLICO,171,BUN,
CHEMET,CHEMET,CHEQUEO METABOLICO,PDLIPIDOS,INDICE ATEROGENICO,
CHEMET,CHEMET,CHEQUEO METABOLICO,162,LIPIDOS TOTALES,
CHEMET,CHEMET,CHEQUEO METABOLICO,AURIC,ACIDO URICO,
CHEMET,CHEMET,CHEQUEO METABOLICO,34,COLESTEROL,
CHEMET,CHEMET,CHEQUEO METABOLICO,GLU,GLUCOSA,
CHEMET,CHEMET,CHEQUEO METABOLICO,URE,UREA,
CHEMET,CHEMET,CHEQUEO METABOLICO,TRI,TRIGLICERIDOS,
CHEMET,CHEMET,CHEQUEO METABOLICO,COLVLDL,COLESTEROL VLDL,
CHEMET,CHEMET,CHEQUEO METABOLICO,50,Creatinina sérica,
CHEMET,CHEMET,CHEQUEO METABOLICO,31,Colesterol de alta densidad (HDL),
CHEMET,CHEMET,CHEQUEO METABOLICO,32,Colesterol de baja densidad (LDL),
900,VET-BH EQUINOS,BIOMETRIA EQUINOS,BAS%,BASOFILOS,
900,VET-BH EQUINOS,BIOMETRIA EQUINOS,leuct,LEUCOCITOS TOTALES,
900,VET-BH EQUINOS,BIOMETRIA EQUINOS,NEU,NEUTROFILOS,
900,VET-BH EQUINOS,BIOMETRIA EQUINOS,EO%,EOSINOFILOS,
900,VET-BH EQUINOS,BIOMETRIA EQUINOS,MON%,MONOCITOS,
900,VET-BH EQUINOS,BIOMETRIA EQUINOS,LYM,LINFOCITOS,
900,VET-BH EQUINOS,BIOMETRIA EQUINOS,PLT,PLAQUETAS,
900,VET-BH EQUINOS,BIOMETRIA EQUINOS,MCHC,CMHC,
900,VET-BH EQUINOS,BIOMETRIA EQUINOS,VCM,Volumen globular medio,
900,VET-BH EQUINOS,BIOMETRIA EQUINOS,HCT,HEMATOCRITO,
900,VET-BH EQUINOS,BIOMETRIA EQUINOS,HGB,HEMOGLOBINA,
900,VET-BH EQUINOS,BIOMETRIA EQUINOS,RBC,GLOBULOS ROJOS,
900,VET-BH EQUINOS,BIOMETRIA EQUINOS,meta,Metamielocitos,
900,VET-BH EQUINOS,BIOMETRIA EQUINOS,FRH,FORMULA ROJA,
900,VET-BH EQUINOS,BIOMETRIA EQUINOS,FORB,FORMULA BLANCA,
900,VET-BH EQUINOS,BIOMETRIA EQUINOS,PROM,PROMIELOCITOS,
900,VET-BH EQUINOS,BIOMETRIA EQUINOS,miel,Mielocitos,
900,VET-BH EQUINOS,BIOMETRIA EQUINOS,ban,BANDAS,
900,VET-BH EQUINOS,BIOMETRIA EQUINOS,HCM- EQUIN,HCMe,
ELECTROFORESIS,ELEHEM,ELECTROFORESIS DE HEMOGLOBINA,HEMOGLOBINA A,HEMOGLOBINA A,
ELECTROFORESIS,ELEHEM,ELECTROFORESIS DE HEMOGLOBINA,HEMOGLOBINA A2,HEMOGLOBINA A2,
ELECTROFORESIS,ELEHEM,ELECTROFORESIS DE HEMOGLOBINA,HEMOGLOBINA F,HEMOGLOBINA F,
ELECTROFORESIS,ELEHEM,ELECTROFORESIS DE HEMOGLOBINA,HEMOGLOBINA D,HEMOGLOBINA D,
ELECTROFORESIS,ELEHEM,ELECTROFORESIS DE HEMOGLOBINA,HEMOGLOBINA G,HEMOGLOBINA G,
ELECTROFORESIS,ELEHEM,ELECTROFORESIS DE HEMOGLOBINA,HEMOGLOBINA S,HEMOGLOBINA S,
ELECTROFORESIS,ELEHEM,ELECTROFORESIS DE HEMOGLOBINA,HEMOGLOBINA C,HEMOGLOBINA C,
3629-ORTH,CINH,CINETICA DE HIERRO,279,TRANSFERRINA,
3629-ORTH,CINH,CINETICA DE HIERRO,Desaturac,% DE SATURACION,
3629-ORTH,CINH,CINETICA DE HIERRO,87,FERRITINA,
3629-ORTH,CINH,CINETICA DE HIERRO,9,CAPACIDAD TOTAL DE FIJACION DE HIERRO (TIBC),
3629-ORTH,CINH,CINETICA DE HIERRO,133,HIERRO SERICO,
11111,testdeOSullivan,Tamiz de O´Sullivan,GLU,GLUCOSA,
11111,testdeOSullivan,Tamiz de O´Sullivan,glu2UYU,GLUCOSA 60,
230,PROTEINASTOTALESORINA24HRS,PROTEINAS TOTALES ORINA 24 HRS,PROTEINAS,PROTEÍNAS URINARIAS,
230,PROTEINASTOTALESORINA24HRS,PROTEINAS TOTALES ORINA 24 HRS,VOLUMEN,VOLUMEN REMITIDO,
230,PROTEINASTOTALESORINA24HRS,PROTEINAS TOTALES ORINA 24 HRS,PROTEINAS,PROTEINAS TOTALES EN  ORINA 24 HRS,
62,DEPUCREATI24HRS,DEPURACION CREATINA EN ORINA 24 HRS,62,CREATININA URINARIA,
62,DEPUCREATI24HRS,DEPURACION CREATINA EN ORINA 24 HRS,50,Creatinina sérica,
62,DEPUCREATI24HRS,DEPURACION CREATINA EN ORINA 24 HRS,VOLUMEN,VOLUMEN REMITIDO,
62,DEPUCREATI24HRS,DEPURACION CREATINA EN ORINA 24 HRS,53,CREATININA EN ORINA DE 24 Hrs.,
58,cur120,Curva de tolerancia a la glucosa (120 min),glu2UYU,GLUCOSA 60,
58,cur120,Curva de tolerancia a la glucosa (120 min),GLU,GLUCOSA,
58,cur120,Curva de tolerancia a la glucosa (120 min),GLU120,GLUCOSA 120,
RETSSS,RETSS,RETICULOCITOS,RET,RETICULOCITOS,
RETSSS,RETSS,RETICULOCITOS,ABSRETIS,RETICULOCITOS ABSOLUTOS,
tametaba,tametaba,TAMIZ METABOLICO NEONATAL BÁSICO,LEU+ISO B,LEUCINA + ISOLEUCINA,
tametaba,tametaba,TAMIZ METABOLICO NEONATAL BÁSICO,METIO B,METIONINA,
tametaba,tametaba,TAMIZ METABOLICO NEONATAL BÁSICO,FENILA B,FENILALANINA,
tametaba,tametaba,TAMIZ METABOLICO NEONATAL BÁSICO,VALI B,VALINA,
tametaba,tametaba,TAMIZ METABOLICO NEONATAL BÁSICO,ACI GLUTA B,ACIDO GLUTAMICO,
tametaba,tametaba,TAMIZ METABOLICO NEONATAL BÁSICO,TREONI B,TREONINA,
tametaba,tametaba,TAMIZ METABOLICO NEONATAL BÁSICO,GLICI B,GLICINA,
tametaba,tametaba,TAMIZ METABOLICO NEONATAL BÁSICO,SERI B,SERINA,
tametaba,tametaba,TAMIZ METABOLICO NEONATAL BÁSICO,ACI ASPA B,ACIDO ASPARGICO,
tametaba,tametaba,TAMIZ METABOLICO NEONATAL BÁSICO,ONITI B,ORNITINA,
tametaba,tametaba,TAMIZ METABOLICO NEONATAL BÁSICO,LISI B,LISINA,
tametaba,tametaba,TAMIZ METABOLICO NEONATAL BÁSICO,HISTI B,HISTIDINA,
tametaba,tametaba,TAMIZ METABOLICO NEONATAL BÁSICO,TIRO B,TIROSINA,
tametaba,tametaba,TAMIZ METABOLICO NEONATAL BÁSICO,ALANI B,ALANINA,
tametaba,tametaba,TAMIZ METABOLICO NEONATAL BÁSICO,GLUTA B,GLUTAMINA,
tametaba,tametaba,TAMIZ METABOLICO NEONATAL BÁSICO,CITRU B,CITRULINA ,
tametaba,tametaba,TAMIZ METABOLICO NEONATAL BÁSICO,ARGI B,ARGININA,
tametaba,tametaba,TAMIZ METABOLICO NEONATAL BÁSICO,CISTE B,CISTEINA,
tametaba,tametaba,TAMIZ METABOLICO NEONATAL BÁSICO,HEMOGLOBINA S,HEMOGLOBINA S,
tametaba,tametaba,TAMIZ METABOLICO NEONATAL BÁSICO,TSH NEONATAL,TSH NEONATAL,
tametaba,tametaba,TAMIZ METABOLICO NEONATAL BÁSICO,T4 NEONATAL,TIROXINA NEONATAL,
tametaba,tametaba,TAMIZ METABOLICO NEONATAL BÁSICO,417,17 ALFA HIDROXI-PROGESTERONA NEONATAL (17aOHP4NEO),
506,PFantiANA,Perfil de antinucleares ANA,500,Ac. anti RNP,
506,PFantiANA,Perfil de antinucleares ANA,PERF3742,Acs. anti Sm (Smith),
506,PFantiANA,Perfil de antinucleares ANA,297,AC. ANTI DNA*,
506,PFantiANA,Perfil de antinucleares ANA,503,Acs. anti SS-A/Ro60,
506,PFantiANA,Perfil de antinucleares ANA,504,Acs. anti SS-A/Ro52,
506,PFantiANA,Perfil de antinucleares ANA,505,Acs. anti SS-B/La,
1341,PERFHFEM,PERFIL HORMONAL FEMENINO,YP,YODO PROTEÍCO,
1341,PERFHFEM,PERFIL HORMONAL FEMENINO,TUC,T-UPTAKE CAPTACION,
1341,PERFHFEM,PERFIL HORMONAL FEMENINO,ITL,"INDICE DE TIROXINA LIBRE (ITL,FTI)",
1341,PERFHFEM,PERFIL HORMONAL FEMENINO,T3L,T3 LIBRE (TRIYODOTIRONINA LIBRE),
1341,PERFHFEM,PERFIL HORMONAL FEMENINO,T4LI,T4 LIBRE (TIROXINA LIBRE),
1341,PERFHFEM,PERFIL HORMONAL FEMENINO,T3T,T3 TOTAL (TRIYODOTIRONINA),
1341,PERFHFEM,PERFIL HORMONAL FEMENINO,T4T,T4 TOTAL (TIROXINA TOTAL),
1341,PERFHFEM,PERFIL HORMONAL FEMENINO,T4Y,T4 YODO,
1341,PERFHFEM,PERFIL HORMONAL FEMENINO,TSH1,HORMONA ESTIMULANTE DE TIROIDES (TSH),
1341,PERFHFEM,PERFIL HORMONAL FEMENINO,WE,YODO BUTANOLICO,
1341,PERFHFEM,PERFIL HORMONAL FEMENINO,HCREC,HORMONA DEL CRECIMIENTO,
1341,PERFHFEM,PERFIL HORMONAL FEMENINO,COR,CORTISOL,
1341,PERFHFEM,PERFIL HORMONAL FEMENINO,256-OR,TESTOSTERONA TOTAL,
1341,PERFHFEM,PERFIL HORMONAL FEMENINO,77,Estradiol (E2),
1341,PERFHFEM,PERFIL HORMONAL FEMENINO,141-OR,HORMONA LUTEINIZANTE (HL),
1341,PERFHFEM,PERFIL HORMONAL FEMENINO,139-OR,HORMONA FOLICULO ESTIMULANTE (FSH),
1341,PERFHFEM,PERFIL HORMONAL FEMENINO,225,PROLACTINA,
1341,PERFHFEM,PERFIL HORMONAL FEMENINO,PROGE,PROGESTERONA,
553,ACSARAM,Acs. Anti Sarampión IgG e IgM,888,Ac. Anti Sarampión IgG,
553,ACSARAM,Acs. Anti Sarampión IgG e IgM,999,Ac. Anti Sarampión IgM,
22941,cis,Cistatina C y Tasa de filtrado,Cistatina,Cistatina C,
22941,cis,Cistatina C y Tasa de filtrado,0304,FILTRADO GLOMERULAR,
998877,MARCAHEPAT,MARCADORES DE HEPATITIS A.B y C,56,Anticuerpo de envoltura de Hepatitis B (HBeAb),
998877,MARCAHEPAT,MARCADORES DE HEPATITIS A.B y C,53,"ANTIGENO ""E"" DE HEPATITIS B (AGEHB)",
998877,MARCAHEPAT,MARCADORES DE HEPATITIS A.B y C,54,"ANTIGENO ""S"" DE HEPATITIS B (AUSTRALIA)",
998877,MARCAHEPAT,MARCADORES DE HEPATITIS A.B y C,55,Anticuerpo de superficie de HEPATITIS B (HBSAb),
998877,MARCAHEPAT,MARCADORES DE HEPATITIS A.B y C,51,"ANTICUERPOS ANTI HEPATITIS ""A"" TOTALES (HAV-TOTAL)",
998877,MARCAHEPAT,MARCADORES DE HEPATITIS A.B y C,52,"ANTICUERPOS ANTI HEPATITIS ""A"" IgG (HAV-G)",
998877,MARCAHEPAT,MARCADORES DE HEPATITIS A.B y C,59,ANTICUERPOS ANTI HEPATITIS C (PRUEBA PRESUNTIVA),
998877,MARCAHEPAT,MARCADORES DE HEPATITIS A.B y C,57,"ANTICUERPOS ANTI Ag ""CORE"" HEPATITIS B IgM",
998877,MARCAHEPAT,MARCADORES DE HEPATITIS A.B y C,58,Anticuerpo de nucleo de la hepatitis B (HBcAB),
COVID19,COVID19,SARS-CoV2 IgG/IgM,CoV2IgG,SARS-CoV2 IgG,
COVID19,COVID19,SARS-CoV2 IgG/IgM,CoV2IgM,SARS-CoV2 IgM,
4729,PCRSARS-CoV-2,PCR SARS-CoV-2 (COVID-19),67876,Gene N,
4729,PCRSARS-CoV-2,PCR SARS-CoV-2 (COVID-19),Y765,Gene E,
4729,PCRSARS-CoV-2,PCR SARS-CoV-2 (COVID-19),6586,Gene RdRp,
564,TP,TIEMPO DE PROTROMBINA,%ACTIVIDAD,% ACTIVIDAD,
564,TP,TIEMPO DE PROTROMBINA,INR,INR,
564,TP,TIEMPO DE PROTROMBINA,01,TIEMPO DE PROTROMBINA,
212,FOSFAPSA 1,FOSFATASA ACIDA FRACCION PROSTATICA,92,Fosfatasa acida total,
212,FOSFAPSA 1,FOSFATASA ACIDA FRACCION PROSTATICA,93,Fosfatasa acida/fracción prostática,
001,CH-CAN,CITOMETRIA CANINO,miel,Mielocitos,
001,CH-CAN,CITOMETRIA CANINO,PROM,PROMIELOCITOS,
001,CH-CAN,CITOMETRIA CANINO,BLAS,BLASTOS,
001,CH-CAN,CITOMETRIA CANINO,meta,Metamielocitos,
001,CH-CAN,CITOMETRIA CANINO,01,ERITROCITOS,
001,CH-CAN,CITOMETRIA CANINO,04,HEMATOCRITO,
001,CH-CAN,CITOMETRIA CANINO,02,HEMOGLOBINA,
001,CH-CAN,CITOMETRIA CANINO,VCMP,VOLUMEN CORPOSCULAR MEDIO,
001,CH-CAN,CITOMETRIA CANINO,HCMP,HEMOGLOBINA CORPOSCULAR MEDIA,
001,CH-CAN,CITOMETRIA CANINO,MCHCP,CONCENTRACIÓN DE HEMOGLOBINA CORPUSCULAR MEDIA,
001,CH-CAN,CITOMETRIA CANINO,RDWP,ANCHO DISTRIBUCIÓN ERITROCITARIA,
001,CH-CAN,CITOMETRIA CANINO,LEUCTP,LEUCOCITOS,
001,CH-CAN,CITOMETRIA CANINO,PLAP,PLAQUETAS,
001,CH-CAN,CITOMETRIA CANINO,NEUP,NEUTROFILOS,
001,CH-CAN,CITOMETRIA CANINO,NEUPAB,NEUTROFILOS,
001,CH-CAN,CITOMETRIA CANINO,ABSBANP,BANDAS,
001,CH-CAN,CITOMETRIA CANINO,BANP,BANDAS,
001,CH-CAN,CITOMETRIA CANINO,LINP,LINFOCITOS,
001,CH-CAN,CITOMETRIA CANINO,LINABP,LINFOCITOS,
001,CH-CAN,CITOMETRIA CANINO,MONP,MONOCITOS,
001,CH-CAN,CITOMETRIA CANINO,MONABSP,MONOCITOS,
001,CH-CAN,CITOMETRIA CANINO,EOABSP,EOSINOFILOS,
001,CH-CAN,CITOMETRIA CANINO,EOP,EOSINOFILOS,
001,CH-CAN,CITOMETRIA CANINO,BASP,BASOFILOS,
197,PERFITORCH,PERFIL DE TORCH IgG-IgM,TOXOIGG,TOXOPLASMA IgG,
197,PERFITORCH,PERFIL DE TORCH IgG-IgM,TOXOIGM,TOXOPLASMA IgM,
197,PERFITORCH,PERFIL DE TORCH IgG-IgM,VHS1/2IgG,VHS 1/2 IgG,
197,PERFITORCH,PERFIL DE TORCH IgG-IgM,VHS1/2IgM,VHS 1/2 IgM,
197,PERFITORCH,PERFIL DE TORCH IgG-IgM,RUBEOIGG,Rubéola  IgG,
197,PERFITORCH,PERFIL DE TORCH IgG-IgM,RUBEOIGM,Rubéola  IgGM,
197,PERFITORCH,PERFIL DE TORCH IgG-IgM,IgGCMV ,CITOMEGALOVIRUS IgG,
197,PERFITORCH,PERFIL DE TORCH IgG-IgM,IgMCMV ,CITOMEGALOVIRUS IgM,
QSCAN,QSC,QUIMICA SANGUINEA CANINO,016,ACIDO URICO CANINO,
QSCAN,QSC,QUIMICA SANGUINEA CANINO,01,GLUCOSA CAN,
QSCAN,QSC,QUIMICA SANGUINEA CANINO,02,UREA CANINO,
QSCAN,QSC,QUIMICA SANGUINEA CANINO,03,CREATININA CANINO,
QSCAN,QSC,QUIMICA SANGUINEA CANINO,04,COLESTEROL CANINO,
QSCAN,QSC,QUIMICA SANGUINEA CANINO,15,TRIGLICERIDOS CANINO,
31272,TFGORI,TASA DE FILTRADO GLOMERULAR ORINA,6554,ACIDO URICO URINARIO 24 HR,
31272,TFGORI,TASA DE FILTRADO GLOMERULAR ORINA,9733,FOSFORO EN ORINA DE 24 Hrs.,
31272,TFGORI,TASA DE FILTRADO GLOMERULAR ORINA,9489419,CREATININA URINARIA,
31272,TFGORI,TASA DE FILTRADO GLOMERULAR ORINA,33598,FOSFORO URINARIO,
31272,TFGORI,TASA DE FILTRADO GLOMERULAR ORINA,161345,CALCIO EN ORINA,
31272,TFGORI,TASA DE FILTRADO GLOMERULAR ORINA,VOLUMEN,VOLUMEN REMITIDO,
31272,TFGORI,TASA DE FILTRADO GLOMERULAR ORINA,53,CREATININA EN ORINA DE 24 Hrs.,
31272,TFGORI,TASA DE FILTRADO GLOMERULAR ORINA,sdc,ÁCIDO ÚRICO URINARIO,
31272,TFGORI,TASA DE FILTRADO GLOMERULAR ORINA,646468,CALCIO EN ORINA DE 24 HRS.,
06,ELECTRO,ELECTRORITOS SERICOS 6,219,POTASIO,
06,ELECTRO,ELECTRORITOS SERICOS 6,NA,SODIO,
06,ELECTRO,ELECTRORITOS SERICOS 6,165,MAGNESIO SERICO,
06,ELECTRO,ELECTRORITOS SERICOS 6,25,CLORO SÉRICO,
06,ELECTRO,ELECTRORITOS SERICOS 6,97,Fósforo sérico,
06,ELECTRO,ELECTRORITOS SERICOS 6,CA S,CALCIO,
11,TAMNEOAMP,TAMIZ NEONATAL AMPLIADO,417,17 ALFA HIDROXI-PROGESTERONA NEONATAL (17aOHP4NEO),
11,TAMNEOAMP,TAMIZ NEONATAL AMPLIADO,HEMOGLOBINA A,HEMOGLOBINA A,
11,TAMNEOAMP,TAMIZ NEONATAL AMPLIADO,T4 NEONATAL,TIROXINA NEONATAL,
11,TAMNEOAMP,TAMIZ NEONATAL AMPLIADO,TSH NEONATAL,TSH NEONATAL,
11,TAMNEOAMP,TAMIZ NEONATAL AMPLIADO,HEMOGLOBINA C,HEMOGLOBINA C,
11,TAMNEOAMP,TAMIZ NEONATAL AMPLIADO,HEMOGLOBINA S,HEMOGLOBINA S,
11,TAMNEOAMP,TAMIZ NEONATAL AMPLIADO,HEMOGLOBINA F,HEMOGLOBINA F,
11,TAMNEOAMP,TAMIZ NEONATAL AMPLIADO,HEMOGLOBINA A2,HEMOGLOBINA A2,
11,TAMNEOAMP,TAMIZ NEONATAL AMPLIADO,INMUNOTRIPSINA,INMUNOTRIPSINA REACTIVA NEONATAL,
11,TAMNEOAMP,TAMIZ NEONATAL AMPLIADO,GLUCOSA 6 FOSFATO DESHIDROGENASA,GLUCOSA 6 FOSFATO DESHIDROGENASA NEONATAL,
11,TAMNEOAMP,TAMIZ NEONATAL AMPLIADO,GALACTOSA URIDIL TRANSFERASA,GALACTOSA URIDIL TRANSFERASA,
11,TAMNEOAMP,TAMIZ NEONATAL AMPLIADO,BIOTINIDASA,BIOTINIDASA,
11,TAMNEOAMP,TAMIZ NEONATAL AMPLIADO,FENILALANINA,FENILALANINA,
11,TAMNEOAMP,TAMIZ NEONATAL AMPLIADO,LEUCINA+ISOLEUCINA,ISOLECINA/LEUCINA,
11,TAMNEOAMP,TAMIZ NEONATAL AMPLIADO,TIROSINA,TIROSINA,
11,TAMNEOAMP,TAMIZ NEONATAL AMPLIADO,VALINA,VALINA,
11,TAMNEOAMP,TAMIZ NEONATAL AMPLIADO,METIONINA,METIONINA,
11,TAMNEOAMP,TAMIZ NEONATAL AMPLIADO,ARGININA,ARGININA,
11,TAMNEOAMP,TAMIZ NEONATAL AMPLIADO,CITRULINA,CITRULINA,
11,TAMNEOAMP,TAMIZ NEONATAL AMPLIADO,ORNITINA ,ORNITINA,
11,TAMNEOAMP,TAMIZ NEONATAL AMPLIADO,GLICINA,GLICINA,
11,TAMNEOAMP,TAMIZ NEONATAL AMPLIADO,ALANINA,ALANINA,
11,TAMNEOAMP,TAMIZ NEONATAL AMPLIADO,PROLINA,PROLINA,
11,TAMNEOAMP,TAMIZ NEONATAL AMPLIADO,SUCCINILACETONA,SUCCINILACETONA,
11,TAMNEOAMP,TAMIZ NEONATAL AMPLIADO,C0 ,C0,
11,TAMNEOAMP,TAMIZ NEONATAL AMPLIADO,C10,C10,
11,TAMNEOAMP,TAMIZ NEONATAL AMPLIADO,C10:1 ,C10:1,
11,TAMNEOAMP,TAMIZ NEONATAL AMPLIADO,C10:2,C10:2,
11,TAMNEOAMP,TAMIZ NEONATAL AMPLIADO,C12 ,C12,
11,TAMNEOAMP,TAMIZ NEONATAL AMPLIADO,C12:1,C12:1,
11,TAMNEOAMP,TAMIZ NEONATAL AMPLIADO,C14 ,C14,
11,TAMNEOAMP,TAMIZ NEONATAL AMPLIADO,C14 HIDROXI,C14 HIDROXI,
11,TAMNEOAMP,TAMIZ NEONATAL AMPLIADO,C14:1 ,C14:1,
11,TAMNEOAMP,TAMIZ NEONATAL AMPLIADO,C14:2 ,C14:2,
11,TAMNEOAMP,TAMIZ NEONATAL AMPLIADO,C16,C16,
11,TAMNEOAMP,TAMIZ NEONATAL AMPLIADO,C16:1,C16:1,
11,TAMNEOAMP,TAMIZ NEONATAL AMPLIADO,C16 HIDROXI,C16 HIDROXI,
11,TAMNEOAMP,TAMIZ NEONATAL AMPLIADO,C18,C18,
11,TAMNEOAMP,TAMIZ NEONATAL AMPLIADO,C18:1 HIDROXI,C18:1 HIDROXI,
11,TAMNEOAMP,TAMIZ NEONATAL AMPLIADO,C18:1,C18:1,
11,TAMNEOAMP,TAMIZ NEONATAL AMPLIADO,C18 HIDROXI,C18 HIDROXI,
11,TAMNEOAMP,TAMIZ NEONATAL AMPLIADO,C18:2 ,C18:2,
11,TAMNEOAMP,TAMIZ NEONATAL AMPLIADO,C2 ,C2,
11,TAMNEOAMP,TAMIZ NEONATAL AMPLIADO,C3,C3,
11,TAMNEOAMP,TAMIZ NEONATAL AMPLIADO,C4 ,C4,
11,TAMNEOAMP,TAMIZ NEONATAL AMPLIADO,C4DC5OH,C4 DICARBOXILICO-C5 OH,
11,TAMNEOAMP,TAMIZ NEONATAL AMPLIADO,C5,C5,
11,TAMNEOAMP,TAMIZ NEONATAL AMPLIADO,C5- DICARBOXILICO,C5-DICARBOXILICO,
11,TAMNEOAMP,TAMIZ NEONATAL AMPLIADO,C5:1,C5:1,
11,TAMNEOAMP,TAMIZ NEONATAL AMPLIADO,C6- DICARBOXILICO,C6-DICARBOXILICO,
11,TAMNEOAMP,TAMIZ NEONATAL AMPLIADO,C6,C6,
11,TAMNEOAMP,TAMIZ NEONATAL AMPLIADO,C8,C8,
11,TAMNEOAMP,TAMIZ NEONATAL AMPLIADO,C8:1,C8:1,
11,TAMNEOAMP,TAMIZ NEONATAL AMPLIADO,254,GALACTOSA TOTAL,
11,TAMNEOAMP,TAMIZ NEONATAL AMPLIADO,34 ,HIPERPLASIA SUPRARENAL,
11,TAMNEOAMP,TAMIZ NEONATAL AMPLIADO,35,HIPOTIROIDISMO DE TIPO PRIMARIO ,
11,TAMNEOAMP,TAMIZ NEONATAL AMPLIADO,1451,"ACIDEMIA GLUTARICA, TIPO II (GA-2)",
11,TAMNEOAMP,TAMIZ NEONATAL AMPLIADO,1245,DEFECTO DE CARNITINA LIBRE (CUD),
11,TAMNEOAMP,TAMIZ NEONATAL AMPLIADO,12453,ACILCOA DESHIDROGENASA (VLCAD),
11,TAMNEOAMP,TAMIZ NEONATAL AMPLIADO,12454,L-3 HIDROXIACIL-COA DESHIDROGENASA,
11,TAMNEOAMP,TAMIZ NEONATAL AMPLIADO,12455,ACIL-COA DESHIDROGENASA (MCAD),
11,TAMNEOAMP,TAMIZ NEONATAL AMPLIADO,12456,CETOACIL-COA THIOLASA (MCAT),
11,TAMNEOAMP,TAMIZ NEONATAL AMPLIADO,12458,ACILCO-A DESHIDROGENASA (SCAD),
11,TAMNEOAMP,TAMIZ NEONATAL AMPLIADO,12459,PROTEINA TRIFUNCIONAL (TFP),
11,TAMNEOAMP,TAMIZ NEONATAL AMPLIADO,C16:1 HIDROXI,C16:1 HIDROXI,
11,TAMNEOAMP,TAMIZ NEONATAL AMPLIADO,124591,"2,4 DIENOL-COA REDUCTASA (DE RED)",
11,TAMNEOAMP,TAMIZ NEONATAL AMPLIADO,12452,2-METIL-3-HIDROXIBUTIRICO ACIDEMIA (2M3HBA),
11,TAMNEOAMP,TAMIZ NEONATAL AMPLIADO,124593,2-METILBUTIRILGLICINURIA (2MBG),
11,TAMNEOAMP,TAMIZ NEONATAL AMPLIADO,C3 DICARBOXILICO-C4 - OH,C3 DICARBOXILICO-C4-OH,
11,TAMNEOAMP,TAMIZ NEONATAL AMPLIADO,124594,3-HIDROXI-3-METILGLUTARICO ACIDURIA (HMG),
11,TAMNEOAMP,TAMIZ NEONATAL AMPLIADO,124594,3-METILGLUTACONICO ACIDURIA (3MGA),
11,TAMNEOAMP,TAMIZ NEONATAL AMPLIADO,124595,ISOBUTIRLGLICINURIA (IBG),
11,TAMNEOAMP,TAMIZ NEONATAL AMPLIADO,124596,ARGINEMIA (ARG),
11,TAMNEOAMP,TAMIZ NEONATAL AMPLIADO,124597,HIPERFENILALANINEMIA BENIGNA (H-PHE),
11,TAMNEOAMP,TAMIZ NEONATAL AMPLIADO,124598,"CITRULINEMIA, TIPO 1 (CIT)",
11,TAMNEOAMP,TAMIZ NEONATAL AMPLIADO,124599,FENILCETONURIA CLASICA (PKU),
11,TAMNEOAMP,TAMIZ NEONATAL AMPLIADO,124591,HIPERMETIONINEMIA (MET),
11,TAMNEOAMP,TAMIZ NEONATAL AMPLIADO,124592,ENFERMEDAD DE JARABE DE MAPLE (MSUD),
11,TAMNEOAMP,TAMIZ NEONATAL AMPLIADO,124593,NO CETONICA HIPERGLICEMIA (NKH),
11,TAMNEOAMP,TAMIZ NEONATAL AMPLIADO,124594,PROLINEMIA  (PRO),
11,TAMNEOAMP,TAMIZ NEONATAL AMPLIADO,124595,TIROSINEMIA TIPO 1 (TYR1),
11,TAMNEOAMP,TAMIZ NEONATAL AMPLIADO,124596,GLUTARICA TIPO 1 (GA1),
11,TAMNEOAMP,TAMIZ NEONATAL AMPLIADO,87,BETA-CETOLIASA (BKT),
11,TAMNEOAMP,TAMIZ NEONATAL AMPLIADO,124596,ISOVALERICA (IVA),
11,TAMNEOAMP,TAMIZ NEONATAL AMPLIADO,124597,MALONICA (MAL),
11,TAMNEOAMP,TAMIZ NEONATAL AMPLIADO,88,HOLOCARBOXILASASINT(MCD),
11,TAMNEOAMP,TAMIZ NEONATAL AMPLIADO,124598,"METILMALONICA (COBALAMINA) (CBL A, B)",
11,TAMNEOAMP,TAMIZ NEONATAL AMPLIADO,124598,METILMALONICA (MUT),
11,TAMNEOAMP,TAMIZ NEONATAL AMPLIADO,89,3-METILCROTONIL-CoA-carboxilasa (3-MCC),
11,TAMNEOAMP,TAMIZ NEONATAL AMPLIADO,124599,METILMALONICA CON HOMOCISTINURIA (MUTHO),
11,TAMNEOAMP,TAMIZ NEONATAL AMPLIADO,90,ORNITINA TRANSCARBAMILASA (OCT),
11,TAMNEOAMP,TAMIZ NEONATAL AMPLIADO,1245911,PROPIONICA (PROP),
11,TAMNEOAMP,TAMIZ NEONATAL AMPLIADO,89 ,HEMOGLOBINOPATIAS (Var Hb),
11,TAMNEOAMP,TAMIZ NEONATAL AMPLIADO,99,S. Beta- talasemia (Hb-S/BTh),
11,TAMNEOAMP,TAMIZ NEONATAL AMPLIADO,ENFHEM,ENFERMEDAD DE HEMOGLOBINOPATIA S.C (Hb S/C),
11,TAMNEOAMP,TAMIZ NEONATAL AMPLIADO,ANCELFAL,ANEMIA DE CELULAS FALCIFORMES (Hb SS),
11,TAMNEOAMP,TAMIZ NEONATAL AMPLIADO,HEMC,HEMOGLOBINOPATIA C,
11,TAMNEOAMP,TAMIZ NEONATAL AMPLIADO,97,DEFICIENCIA DE BIOTINIDASA (BIOT),
11,TAMNEOAMP,TAMIZ NEONATAL AMPLIADO,54,Galactosemia clásica (ALT),
11,TAMNEOAMP,TAMIZ NEONATAL AMPLIADO,55,FIBROSIS QUISTICA(CF),
11,TAMNEOAMP,TAMIZ NEONATAL AMPLIADO,58,Glucosa-6-fosfato deshidrogenasa (G6PD),
11,TAMNEOAMP,TAMIZ NEONATAL AMPLIADO,54,Mucopolisacaridosis tipo I (Hurler),
11,TAMNEOAMP,TAMIZ NEONATAL AMPLIADO,54,ENFERMEDAD DE POMPE,
11,TAMNEOAMP,TAMIZ NEONATAL AMPLIADO,58,ENFERMEDAD DE KRABE,
11,TAMNEOAMP,TAMIZ NEONATAL AMPLIADO,25,ENFERMEDAD DE FABRY,
11,TAMNEOAMP,TAMIZ NEONATAL AMPLIADO,58,HUNTER,
11,TAMNEOAMP,TAMIZ NEONATAL AMPLIADO,52,MORQUIO,
11,TAMNEOAMP,TAMIZ NEONATAL AMPLIADO,58,MAROTEAUX LAMY,
11,TAMNEOAMP,TAMIZ NEONATAL AMPLIADO,41,SANFILIPPO,
11,TAMNEOAMP,TAMIZ NEONATAL AMPLIADO,47,SLY,
11,TAMNEOAMP,TAMIZ NEONATAL AMPLIADO,58,LANDING (GM 1 TIPO 1) CELULAS 1,
11,TAMNEOAMP,TAMIZ NEONATAL AMPLIADO,95,POLIDISTROFIA PSEUDO HURLER,
ANTIRO,ANTIRO,ANTICUERPOS ANTI TIROIDEOS,65,ANTICUERPOS ANTI TIROGLOBULINA (COLOIDE TIROIDEO),
ANTIRO,ANTIRO,ANTICUERPOS ANTI TIROIDEOS,425,ANTICUERPOS ANTI MICROSOMALES TOTALES (PEROXIDASA),
ANTITB,ANTI TUBERCULOSIS,ANTICUERPOS ANTI TUBERCULOSIS,ANTITB,ANTICUERPOS ANTI TUBERCULOSIS IgM,
ANTITB,ANTI TUBERCULOSIS,ANTICUERPOS ANTI TUBERCULOSIS,ANTITBS,ANTICUERPOS ANTI TUBERCULOSIS IgG,
CWE,HEPATITISA,HEPATITIS A TOTALES,52,"ANTICUERPOS ANTI HEPATITIS ""A"" IgG (HAV-G)",
CWE,HEPATITISA,HEPATITIS A TOTALES,AHA,"ANTICUERPOS ANTI HEPATITIS ""A"" IgM (HAV-M)",
3021,ANT HEP A,"HEPATITIS ""A"" ANTICUERPOS IgG- IgM",AHA,"ANTICUERPOS ANTI HEPATITIS ""A"" IgM (HAV-M)",
3021,ANT HEP A,"HEPATITIS ""A"" ANTICUERPOS IgG- IgM",52,"ANTICUERPOS ANTI HEPATITIS ""A"" IgG (HAV-G)",
1832,PERF. HFC,PERFIL HORMONAL FEMENINO COMPLETO,WE,YODO BUTANOLICO,
1832,PERF. HFC,PERFIL HORMONAL FEMENINO COMPLETO,HCREC,HORMONA DEL CRECIMIENTO,
1832,PERF. HFC,PERFIL HORMONAL FEMENINO COMPLETO,YP,YODO PROTEÍCO,
1832,PERF. HFC,PERFIL HORMONAL FEMENINO COMPLETO,ITL,"INDICE DE TIROXINA LIBRE (ITL,FTI)",
1832,PERF. HFC,PERFIL HORMONAL FEMENINO COMPLETO,TUC,T-UPTAKE CAPTACION,
1832,PERF. HFC,PERFIL HORMONAL FEMENINO COMPLETO,TSH1,HORMONA ESTIMULANTE DE TIROIDES (TSH),
1832,PERF. HFC,PERFIL HORMONAL FEMENINO COMPLETO,T4T,T4 TOTAL (TIROXINA TOTAL),
1832,PERF. HFC,PERFIL HORMONAL FEMENINO COMPLETO,T3T,T3 TOTAL (TRIYODOTIRONINA),
1832,PERF. HFC,PERFIL HORMONAL FEMENINO COMPLETO,T3L,T3 LIBRE (TRIYODOTIRONINA LIBRE),
1832,PERF. HFC,PERFIL HORMONAL FEMENINO COMPLETO,T4LI,T4 LIBRE (TIROXINA LIBRE),
1832,PERF. HFC,PERFIL HORMONAL FEMENINO COMPLETO,T4Y,T4 YODO,
1832,PERF. HFC,PERFIL HORMONAL FEMENINO COMPLETO,256-OR,TESTOSTERONA TOTAL,
1832,PERF. HFC,PERFIL HORMONAL FEMENINO COMPLETO,COR,CORTISOL,
1832,PERF. HFC,PERFIL HORMONAL FEMENINO COMPLETO,139-OR,HORMONA FOLICULO ESTIMULANTE (FSH),
1832,PERF. HFC,PERFIL HORMONAL FEMENINO COMPLETO,PROGE,PROGESTERONA,
1832,PERF. HFC,PERFIL HORMONAL FEMENINO COMPLETO,225,PROLACTINA,
1832,PERF. HFC,PERFIL HORMONAL FEMENINO COMPLETO,141-OR,HORMONA LUTEINIZANTE (HL),
1832,PERF. HFC,PERFIL HORMONAL FEMENINO COMPLETO,77,Estradiol (E2),
1832,PERF. HFC,PERFIL HORMONAL FEMENINO COMPLETO,425,AC. ANTI. MICROSOMALES TOTALES,
1832,PERF. HFC,PERFIL HORMONAL FEMENINO COMPLETO,599,AC. ANTI TIROGLOBULINA TOTALES,
361346,HEPATITIS B,HEPATITIS B,HBeag,Antigeno de envoltura de Hepatitis B (HBeAg),
361346,HEPATITIS B,HEPATITIS B,HBsAg,Antigeno de superficie de Hepatitis B (HBsAg),
361346,HEPATITIS B,HEPATITIS B,58,Anticuerpo de nucleo de la hepatitis B (HBcAB),
361346,HEPATITIS B,HEPATITIS B,55,Anticuerpo de superficie de HEPATITIS B (HBSAb),
361346,HEPATITIS B,HEPATITIS B,56,Anticuerpo de envoltura de Hepatitis B (HBeAb),
14685464,Espermatobioscopía,Espermatobioscopía,898,Volumen,
14685464,Espermatobioscopía,Espermatobioscopía,89489489,PH,
14685464,Espermatobioscopía,Espermatobioscopía,96969/,Concentración de espermatozoides,
14685464,Espermatobioscopía,Espermatobioscopía,6146641,Total de espermatozoides,
14685464,Espermatobioscopía,Espermatobioscopía,665,Movilidad,
14685464,Espermatobioscopía,Espermatobioscopía,9846541,Morfología,
14685464,Espermatobioscopía,Espermatobioscopía,61166417,Leucocitos,
14685464,Espermatobioscopía,Espermatobioscopía,98918998,Color,
14685464,Espermatobioscopía,Espermatobioscopía,88927982,Licuefacción,
14685464,Espermatobioscopía,Espermatobioscopía,6415555,Viscosidad,
PCR22,PCR22,PCR VARIANTE,B.1.1.7,VARIANTE ALPHA (B.1.1.7),
PCR22,PCR22,PCR VARIANTE,22BG,VARIANTE BETA O GAMMA (B.1.351 O P.1),
PCR22,PCR22,PCR VARIANTE,22DE,VARIANTE DELTA (B.1.617.2),
PCR22,PCR22,PCR VARIANTE,22OM,VARIANTE  ÓMICRON (B.1.1.529),
0305,METP,METALES PESADOS,0305,PLOMO,
0305,METP,METALES PESADOS,0305,MERCURIO,
0305,METP,METALES PESADOS,0305,ARSENICO,
0305,METP,METALES PESADOS,0305,CADMIO,
4425,PCRITS,PCR INFECCIOSO DE TRANSMISION SEXUAL (STI7),3007,CHLAMYDIA TRACHOMATIS,
4425,PCRITS,PCR INFECCIOSO DE TRANSMISION SEXUAL (STI7),3007,NEISSERIA GONORRHOEAE,
4425,PCRITS,PCR INFECCIOSO DE TRANSMISION SEXUAL (STI7),3007,TRICHOMONAS VAGINALIS,
4425,PCRITS,PCR INFECCIOSO DE TRANSMISION SEXUAL (STI7),3007,MYCOPLASMA HOMINIS,
4425,PCRITS,PCR INFECCIOSO DE TRANSMISION SEXUAL (STI7),3007,MYCOPLASMA GENITALIUM,
4425,PCRITS,PCR INFECCIOSO DE TRANSMISION SEXUAL (STI7),3007,UREAPLASMA UREALYTICUM,
4425,PCRITS,PCR INFECCIOSO DE TRANSMISION SEXUAL (STI7),3007,UREAPLASMA PARVUM,
4424-OTH,VPH HR14 GENOTIPOS,VPH HR14 GENOTIPOS DE ALTO RIESGO,222,GENOTIPO 18 VPH,
4424-OTH,VPH HR14 GENOTIPOS,VPH HR14 GENOTIPOS DE ALTO RIESGO,223,GENOTIPO 31 VPH,
4424-OTH,VPH HR14 GENOTIPOS,VPH HR14 GENOTIPOS DE ALTO RIESGO,224,GENOTIPO 33 VPH,
4424-OTH,VPH HR14 GENOTIPOS,VPH HR14 GENOTIPOS DE ALTO RIESGO,225,GENOTIPO 35 VPH,
4424-OTH,VPH HR14 GENOTIPOS,VPH HR14 GENOTIPOS DE ALTO RIESGO,227,GENOTIPO 39 VPH,
4424-OTH,VPH HR14 GENOTIPOS,VPH HR14 GENOTIPOS DE ALTO RIESGO,228,GENOTIPO 45 VPH,
4424-OTH,VPH HR14 GENOTIPOS,VPH HR14 GENOTIPOS DE ALTO RIESGO,228,GENOTIPO 51 VPH,
4424-OTH,VPH HR14 GENOTIPOS,VPH HR14 GENOTIPOS DE ALTO RIESGO,229,GENOTIPO 52 VPH,
4424-OTH,VPH HR14 GENOTIPOS,VPH HR14 GENOTIPOS DE ALTO RIESGO,2210,GENOTIPO 56 VPH,
4424-OTH,VPH HR14 GENOTIPOS,VPH HR14 GENOTIPOS DE ALTO RIESGO,2211,GENOTIPO 58 VPH,
4424-OTH,VPH HR14 GENOTIPOS,VPH HR14 GENOTIPOS DE ALTO RIESGO,2212,GENOTIPO 59 VPH,
4424-OTH,VPH HR14 GENOTIPOS,VPH HR14 GENOTIPOS DE ALTO RIESGO,2213,GENOTIPO 66 VPH,
4424-OTH,VPH HR14 GENOTIPOS,VPH HR14 GENOTIPOS DE ALTO RIESGO,2214,GENOTIPO 68 VPH,
4424-OTH,VPH HR14 GENOTIPOS,VPH HR14 GENOTIPOS DE ALTO RIESGO,221,GENOTIPO 16 VPH,
11102022,ZIKA,VIRUS ZIKA,11102022,ANTICUERPOS IGG,
11102022,ZIKA,VIRUS ZIKA,11102022,ANTICUERPOS IGM,
11102022,CHINKUN,VIRUS CHINKUNGUYA,636,Ac. Anti Chikungunya IgG,
11102022,CHINKUN,VIRUS CHINKUNGUYA,CHIKU,Ac. Anti Chikungunya IgM,
VIHPV4CG,VIHPV4CG,VHI Cuarta generación,VIH,HIV 1 Y 2,
VIHPV4CG,VIHPV4CG,VHI Cuarta generación,P24,Antigeno P 24,
2421,2421,PERFIL ANDROGENOS,416,17 ALFA HIDROXI-PROGESTERONA (17aOHP4),
2421,2421,PERFIL ANDROGENOS,163-MASC-OTH,ANDROSTENEDIONA,
2421,2421,PERFIL ANDROGENOS,61,Dehidroepiandrosterona sulfato (DHEA-S),
2421,2421,PERFIL ANDROGENOS,256-OR,TESTOSTERONA TOTAL,
2421,2421,PERFIL ANDROGENOS,60-ORT,DEHIDROEPIANDROSTERONA (DHEA),
68,efp,Electroforesis de proteínas,12,PROTEINAS TOTALES,
68,efp,Electroforesis de proteínas,24,ALBUMINA,
11,pcs,Perfil de Catecolaminas en plasma,2,Adrenalina en plasma,
195,QS19,QUIMICA SANGUINEA 19 ELEMENTOS,10,FOSFATASA ALCALINA,
195,QS19,QUIMICA SANGUINEA 19 ELEMENTOS,12,PROTEINAS TOTALES,
195,QS19,QUIMICA SANGUINEA 19 ELEMENTOS,BD,BILIRRUBINA DIRECTA,
195,QS19,QUIMICA SANGUINEA 19 ELEMENTOS,CA S,CALCIO,
195,QS19,QUIMICA SANGUINEA 19 ELEMENTOS,BT,BILIRRUBINA TOTAL,
195,QS19,QUIMICA SANGUINEA 19 ELEMENTOS,24,ALBUMINA,
195,QS19,QUIMICA SANGUINEA 19 ELEMENTOS,GLU,GLUCOSA,
195,QS19,QUIMICA SANGUINEA 19 ELEMENTOS,97,Fósforo sérico,
195,QS19,QUIMICA SANGUINEA 19 ELEMENTOS,63,Deshidrogenasa láctica (DHL),
195,QS19,QUIMICA SANGUINEA 19 ELEMENTOS,BI,BILIRRUBINA INDIRECTA,
195,QS19,QUIMICA SANGUINEA 19 ELEMENTOS,50,Creatinina sérica,
195,QS19,QUIMICA SANGUINEA 19 ELEMENTOS,TGO,TGO,
195,QS19,QUIMICA SANGUINEA 19 ELEMENTOS,URE,UREA,
195,QS19,QUIMICA SANGUINEA 19 ELEMENTOS,TRI,TRIGLICERIDOS,
195,QS19,QUIMICA SANGUINEA 19 ELEMENTOS,171,BUN,
195,QS19,QUIMICA SANGUINEA 19 ELEMENTOS,RAG,RELACION ALBUMINA GLOBULINA,
195,QS19,QUIMICA SANGUINEA 19 ELEMENTOS,GLOB,GLOBULINA,
195,QS19,QUIMICA SANGUINEA 19 ELEMENTOS,219,POTASIO,
195,QS19,QUIMICA SANGUINEA 19 ELEMENTOS,NA,SODIO,
195,QS19,QUIMICA SANGUINEA 19 ELEMENTOS,AURIC,ACIDO URICO,
195,QS19,QUIMICA SANGUINEA 19 ELEMENTOS,34,COLESTEROL,
198,PERFTORCH,PERFIL DE TORCH IgG,TOXO,TOXOPLASMA IgG,
198,PERFTORCH,PERFIL DE TORCH IgG,VHS1/2IgG,VHS 1/2 IgG,
198,PERFTORCH,PERFIL DE TORCH IgG,IgGCMV ,CITOMEGALOVIRUS IgG,
198,PERFTORCH,PERFIL DE TORCH IgG,RUBEOIGG,Rubéola  IgG,
198,PERFTORCH,PERFIL DE TORCH IgG,23S,VHS2IgG,
199,PERTORCH,PERFIL DE TORCH IgM,23S-,VHS2IgM,
199,PERTORCH,PERFIL DE TORCH IgM,RUBEOIGM,Rubéola  IgGM,
199,PERTORCH,PERFIL DE TORCH IgM,IgMCMV ,CITOMEGALOVIRUS IgM,
199,PERTORCH,PERFIL DE TORCH IgM,VHS1/2IgM,VHS 1/2 IgM,
199,PERTORCH,PERFIL DE TORCH IgM,TOXOIGM,TOXOPLASMA IgM,
3513,HOMA,Resistencia a la insulina por índice HOMA,INSHOMAIR,INDICE HOMA-IR,
3513,HOMA,Resistencia a la insulina por índice HOMA,INS,INSULINA,
3513,HOMA,Resistencia a la insulina por índice HOMA,GLU,GLUCOSA,
3334,PCR VIRAL RESPIRATORIO,PCR Panel viral respiratorio (16 virus),3334,INFLUENZA A,
3334,PCR VIRAL RESPIRATORIO,PCR Panel viral respiratorio (16 virus),3334,INFLUENZA B,
3334,PCR VIRAL RESPIRATORIO,PCR Panel viral respiratorio (16 virus),3334,VIRUS SINCITIAL RESPIRATORIO A,
3334,PCR VIRAL RESPIRATORIO,PCR Panel viral respiratorio (16 virus),3334,VIRUS SINCIAL RESPIRATORIO B,
3334,PCR VIRAL RESPIRATORIO,PCR Panel viral respiratorio (16 virus),3334,ADENOVIRUS HUMANO,
3334,PCR VIRAL RESPIRATORIO,PCR Panel viral respiratorio (16 virus),334,METAPNEUMOVIRUS,
3334,PCR VIRAL RESPIRATORIO,PCR Panel viral respiratorio (16 virus),3334,PARAINFLUENZA 1,
3334,PCR VIRAL RESPIRATORIO,PCR Panel viral respiratorio (16 virus),3334,PARAINFLUENZA 2,
3334,PCR VIRAL RESPIRATORIO,PCR Panel viral respiratorio (16 virus),3334,PARAINFLUENZA 3,
3334,PCR VIRAL RESPIRATORIO,PCR Panel viral respiratorio (16 virus),3334,PARAINFLUENZA 4,
3334,PCR VIRAL RESPIRATORIO,PCR Panel viral respiratorio (16 virus),3334,CORONAVIRUS 229E,
3334,PCR VIRAL RESPIRATORIO,PCR Panel viral respiratorio (16 virus),3334,CORONAVIRUS NL63,
3334,PCR VIRAL RESPIRATORIO,PCR Panel viral respiratorio (16 virus),3334,CORONAVIRUS OC43,
3334,PCR VIRAL RESPIRATORIO,PCR Panel viral respiratorio (16 virus),3334,BOCAVIRUS 1234 HBoV,
3334,PCR VIRAL RESPIRATORIO,PCR Panel viral respiratorio (16 virus),3334,RINOVIRUS  ABC-HRV,
3334,PCR VIRAL RESPIRATORIO,PCR Panel viral respiratorio (16 virus),3334,ENTEROVIRUS,
1602,HELY,ANTICUERPOS DE HELICOBACTER PYLORI EN SANGRE,350,ANTI HELICOBACTER PYLORI IgG,
1602,HELY,ANTICUERPOS DE HELICOBACTER PYLORI EN SANGRE,1183,ANTI HELICOBACTER PILORY IgM,
4446,PERFILPROS,PERFIL PROSTATICO II,PSA,ANTIGENO PROSTATICO ESPECIFICO (PSA),
4446,PERFILPROS,PERFIL PROSTATICO II,92,Fosfatasa acida total,
4446,PERFILPROS,PERFIL PROSTATICO II,2301,ANTIGENO PROSTATICO LIBRE,
4446,PERFILPROS,PERFIL PROSTATICO II,1013,Fracción prostática,
3235,PCRVPH,PCR VPH ALTO RIESGO,222,GENOTIPO 18 VPH,
3235,PCRVPH,PCR VPH ALTO RIESGO,221,GENOTIPO 16 VPH,
3235,PCRVPH,PCR VPH ALTO RIESGO,08032023,GRUPO REMITIDO DE ALTO RIESGO,
1481,TFGSUE,TASA DE FILTRADO GLOMERULAR EN SUERO,0304,FILTRADO GLOMERULAR,
1481,TFGSUE,TASA DE FILTRADO GLOMERULAR EN SUERO,03042023,PESO,
1481,TFGSUE,TASA DE FILTRADO GLOMERULAR EN SUERO,03042023,TALLA,
1481,TFGSUE,TASA DE FILTRADO GLOMERULAR EN SUERO,50,Creatinina sérica,
123456,Influenza A y B,Influenza A y B,3334,INFLUENZA A,
123456,Influenza A y B,Influenza A y B,3334,INFLUENZA B,
654465,PERES,PERFIL VIRAL RESPIRATORIO,3334,INFLUENZA B,
654465,PERES,PERFIL VIRAL RESPIRATORIO,3334,INFLUENZA A,
654465,PERES,PERFIL VIRAL RESPIRATORIO,65874984,VIRUS SINCITIAL RESPIRATORIO,
654465,PERES,PERFIL VIRAL RESPIRATORIO,agcovid,Antígeno SARS-CoV-2 (NASOFARINGEO),
1688 PTIR II,PTIR II,PERFIL TIROIDEO  II,WE,YODO BUTANOLICO,
1688 PTIR II,PTIR II,PERFIL TIROIDEO  II,YP,YODO PROTEÍCO,
1688 PTIR II,PTIR II,PERFIL TIROIDEO  II,TUC,T-UPTAKE CAPTACION,
1688 PTIR II,PTIR II,PERFIL TIROIDEO  II,ITL,"INDICE DE TIROXINA LIBRE (ITL,FTI)",
1688 PTIR II,PTIR II,PERFIL TIROIDEO  II,T4LI,T4 LIBRE (TIROXINA LIBRE),
1688 PTIR II,PTIR II,PERFIL TIROIDEO  II,T3L,T3 LIBRE (TRIYODOTIRONINA LIBRE),
1688 PTIR II,PTIR II,PERFIL TIROIDEO  II,T3T,T3 TOTAL (TRIYODOTIRONINA),
1688 PTIR II,PTIR II,PERFIL TIROIDEO  II,T4T,T4 TOTAL (TIROXINA TOTAL),
1688 PTIR II,PTIR II,PERFIL TIROIDEO  II,TSH1,HORMONA ESTIMULANTE DE TIROIDES (TSH),
1688 PTIR II,PTIR II,PERFIL TIROIDEO  II,T4Y,T4 YODO,
1688 PTIR II,PTIR II,PERFIL TIROIDEO  II,425,AC. ANTI. MICROSOMALES TOTALES,
1688 PTIR II,PTIR II,PERFIL TIROIDEO  II,599,AC. ANTI TIROGLOBULINA TOTALES,
170,PCR MYCOBACT,PCR DETECCION  MYCOBACTERIUM TUBERCULOSIS,170,MICOBACTERIAS NO TUBERCULOSIS,
170,PCR MYCOBACT,PCR DETECCION  MYCOBACTERIUM TUBERCULOSIS,170,MYCOBACTERIUM TUBERCULOSIS,
571,AC ANT CITO  P y C ANCA,ANTICUERPOS ANTI CITOPLASMA DE NEUTROFILOS (P y C ANCA),ORT24,c-ANCA/PR3 (PROTEINASA 3),
571,AC ANT CITO  P y C ANCA,ANTICUERPOS ANTI CITOPLASMA DE NEUTROFILOS (P y C ANCA),ORT24-2,p-ANCA/MPO (MIELOPEROXIDASA),
339,AC FOSFO,"AC. ANTI FOSFOLÍPIDOS IgG, IgM",PERF,AC. ANTI FOSFOLÍPIDOS IgG,
339,AC FOSFO,"AC. ANTI FOSFOLÍPIDOS IgG, IgM",PERF-2339,AC. ANTI FOSFOLÍPIDOS IgM,
1735,PSATL,ANTÍGENO PROSTÁTICO ESPECÍFICO TOTAL Y LIBRE,IPSAL,INDICE DE PSA LIBRE,
1735,PSATL,ANTÍGENO PROSTÁTICO ESPECÍFICO TOTAL Y LIBRE,PSA,ANTIGENO PROSTATICO ESPECIFICO (PSA),
1735,PSATL,ANTÍGENO PROSTÁTICO ESPECÍFICO TOTAL Y LIBRE,FPSA,ANTIGENO ESPECIFICO DE PROSTATA FRACCION LIBRE,
2954-ORT,PHORMMASC,PERFIL HORMONAL MASCULINO,163-MASC-OTH,ANDROSTENEDIONA,
2954-ORT,PHORMMASC,PERFIL HORMONAL MASCULINO,139-MSC-O,HORMONA FOLICULO ESTIMULANTE (FSH),
2954-ORT,PHORMMASC,PERFIL HORMONAL MASCULINO,141-MSC-O,HORMONA LUTEINIZANTE (HL),
2954-ORT,PHORMMASC,PERFIL HORMONAL MASCULINO,256-MS-O,TESTOSTERONA TOTAL,
2954-ORT,PHORMMASC,PERFIL HORMONAL MASCULINO,60-ORT,DEHIDROEPIANDROSTERONA (DHEA),
1722,MICROAL,MICROALBUMINA 24 HRS.,1722-PP,ALBÚMINA URINARIA,
1722,MICROAL,MICROALBUMINA 24 HRS.,1722-OPP,ALBÚMINA EN  ORINA DE 24 HRS.,
1722,MICROAL,MICROALBUMINA 24 HRS.,VOLUMEN,VOLUMEN REMITIDO,
2072,CVVIH1,CARGA VIRAL VIH,2072-1,PARTICULAS VIRALES DE VIH,
2072,CVVIH1,CARGA VIRAL VIH,2072-2,LOGARITMO CARGA VIRAL VIH,
1678,PERFILINM,PERFIL  INMUNOGLOBULINAS,144,INMUNOGLOBULINA A,
1678,PERFILINM,PERFIL  INMUNOGLOBULINAS,146,INMUNOGLOBULINA G,
1678,PERFILINM,PERFIL  INMUNOGLOBULINAS,147,INMUNOGLOBULINA M,
2531,VITB12FOLATOS,VITAMINA B12 Y FOLATOS,0801,ACIDO FOLICO,
2531,VITB12FOLATOS,VITAMINA B12 Y FOLATOS,291,VITAMINA B12,
582,ANTIPLAQUETAS,AC. ANTI PLAQUETAS (AC. AUTOLOGAS Y ALOGENICAS),582,AC. ANTI PLAQUETAS AUTOLOGAS,
582,ANTIPLAQUETAS,AC. ANTI PLAQUETAS (AC. AUTOLOGAS Y ALOGENICAS),582,AC. ANTI PLAQUETAS ALOGENICAS,
2034,PCRHEPATITISB,PCR CARGA VIRAL DE HEPATITIS B (HBV),2034,PARTICULAS VIRALES HBV,
2034,PCRHEPATITISB,PCR CARGA VIRAL DE HEPATITIS B (HBV),2034,LOGARITMO,
0310,CULTOTICO,CULTIVO OTICO IZQUIERDO,01230,CULTIVO OTICO,
0310,CULTIOTICO,CULTIVO OTICO DERECHO,01230,CULTIVO OTICO,
,,,,,
